control,quality_factor,created,modified,replicates,species,active,transcription_factor,expt_tissues,expt_type,cell_line,pmid,gene,quality,id
reticulocyte lysate,-1.2,2013-03-22 22:07:18+00:00,2013-03-22 22:07:18+00:00,2 strains,Mouse,True,NF-kB1,Blood,western blot,Jurkat T-lymphocytes,7982908,"{'arabidopsis': u'', 'hamster': u'', 'human': u'', 'mouse': u'IkB', 'rat': u'', 'id': 1L}",high,1
 age matched rats,-1.2,2013-03-22 22:07:18+00:00,2013-03-22 22:07:18+00:00,1 strain,Rat,True,NF-kB1,Brain,ChIP,(DRG) sensory neurons,23159890,"{'arabidopsis': u'', 'hamster': u'', 'human': u'', 'mouse': u'', 'rat': u'p50', 'id': 2L}",,2
The mice treated with 5 μl PBS alone,-1.2,2013-03-22 22:07:18+00:00,2013-03-22 22:07:18+00:00,NA,Mouse,True,NF-kB1,Bone marrow,western blot,bone marrow,23299617,"{'arabidopsis': u'', 'hamster': u'', 'human': u'', 'mouse': u'IL-33', 'rat': u'', 'id': 4L}",,4
competitor DNAs ,-1.2,2013-03-22 22:07:18+00:00,2013-03-22 22:07:18+00:00,NA,Human,True,NF-kB1,Blood,EMSA,EBV+,9497375,"{'arabidopsis': u'', 'hamster': u'', 'human': u'Il-12 p40', 'mouse': u'', 'rat': u'', 'id': 5L}",high,5
competitor DNAs ,-1.2,2013-03-22 22:07:18+00:00,2013-03-22 22:07:18+00:00,NA,Human,True,NF-kB1,Blood,EMSA,RPMI-8866,9497375,"{'arabidopsis': u'', 'hamster': u'', 'human': u'Il-12 p40', 'mouse': u'', 'rat': u'', 'id': 5L}",high,6
competitor DNAs ,-1.2,2013-03-22 22:07:18+00:00,2013-03-22 22:07:18+00:00,NA,Human,True,NF-kB1,Blood,EMSA,PA682BM-2,9497375,"{'arabidopsis': u'', 'hamster': u'', 'human': u'Il-12 p40', 'mouse': u'', 'rat': u'', 'id': 5L}",high,7
competitor DNAs ,-1.2,2013-03-22 22:07:18+00:00,2013-03-22 22:07:18+00:00,NA,Human,True,NF-kB1,Blood,EMSA,AS283A,9497375,"{'arabidopsis': u'', 'hamster': u'', 'human': u'Il-12 p40', 'mouse': u'', 'rat': u'', 'id': 5L}",high,8
Mouse IgG,-1.2,2013-03-22 22:07:18+00:00,2013-03-22 22:07:18+00:00,NA,Mouse,True,NF-kB1,Bone marrow,ChIP,bone marrow-derived macrophages,22733995,"{'arabidopsis': u'', 'hamster': u'', 'human': u'', 'mouse': u'p105', 'rat': u'', 'id': 3L}",high,10
Healthy individuals w/o CD20 + diffuse large B-cell non-Hodgkin lymphoma,-1.2,2013-03-22 22:07:19+00:00,2013-03-22 22:07:19+00:00,NA,Human,True,NF-kB1,Blood,reporter gene assay,peripheral blood leukocytes,21902578,"{'arabidopsis': u'', 'hamster': u'', 'human': u'IL-6 and IL-10 ', 'mouse': u'', 'rat': u'', 'id': 8L}",high,12
cells not treated with TNF-alpha (unstimulated),-1.2,2013-03-22 22:07:19+00:00,2013-03-22 22:07:19+00:00,NA,human,True,NF-kB2,Large intestine,EMSA,HCT116,12835724,"{'arabidopsis': u'', 'hamster': u'', 'human': u'BCL-2', 'mouse': u'', 'rat': u'', 'id': 9L}",high,13
untransfected cells,-1.2,2013-03-22 22:07:19+00:00,2013-03-22 22:07:19+00:00,NA,human,True,NF-kB2,Breast,western blot,MCF7,12835724,"{'arabidopsis': u'', 'hamster': u'', 'human': u'BCL-2', 'mouse': u'', 'rat': u'', 'id': 9L}",high,14
untransfected cells,-1.2,2013-03-22 22:07:19+00:00,2013-03-22 22:07:19+00:00,NA,human,True,None,Breast,,AZ,12835724,"{'arabidopsis': u'', 'hamster': u'', 'human': u'BCL-2', 'mouse': u'', 'rat': u'', 'id': 9L}",high,15
cells not treated with NF-kB inhibitors or stimulated with Dap3/B7 cells,-1.2,2013-03-22 22:07:19+00:00,2013-03-22 22:07:19+00:00,NA,human,True,NF-kB2,Blood,ChIP,T cells,15079071,"{'arabidopsis': u'', 'hamster': u'', 'human': u'BCL-XL', 'mouse': u'', 'rat': u'', 'id': 10L}",low,16
cells not treated with NF-kB inhibitors or stimulated with Dap3/B7 cells,-1.2,2013-03-22 22:07:19+00:00,2013-03-22 22:07:19+00:00,NA,human,True,NF-kB2,Blood,ChIP,T cells,15079071,"{'arabidopsis': u'', 'hamster': u'', 'human': u'IL-8', 'mouse': u'', 'rat': u'', 'id': 11L}",low,17
plasmid without insert,-1.2,2013-03-22 22:07:19+00:00,2013-03-22 22:07:19+00:00,NA,human,True,NF-kB2,Bone marrow,EMSA,CHRF-288,7559449,"{'arabidopsis': u'', 'hamster': u'', 'human': u'SELP', 'mouse': u'', 'rat': u'', 'id': 12L}",low/-1.4 fold,18
transfected with vector HC5 instead of mutant vector,-1.2,2013-03-22 22:07:19+00:00,2013-03-22 22:07:19+00:00,3,human,True,NF-kB2,Lung,ChIP,H1299,22198284,"{'arabidopsis': u'', 'hamster': u'', 'human': u'STAT2', 'mouse': u'', 'rat': u'', 'id': 13L}",low,19
nonspecific IgG,-1.2,2013-03-22 22:07:19+00:00,2013-03-22 22:07:19+00:00,at least 3,human,True,NF-kB2,Blood,ChIP,MV4-11,22096027,"{'arabidopsis': u'', 'hamster': u'', 'human': u'DAPK1', 'mouse': u'', 'rat': u'', 'id': 14L}",high/10-100 fold,20
rabbit IgG,-1.2,2013-03-22 22:07:19+00:00,2013-03-22 22:07:19+00:00,NA,human,True,NF-kB2,Placenta,ChIP,placenta,22734038,"{'arabidopsis': u'', 'hamster': u'', 'human': u'CRH', 'mouse': u'', 'rat': u'', 'id': 15L}",high/5 fold,21
mutant version of promoter,-1.2,2013-03-22 22:07:19+00:00,2013-03-22 22:07:19+00:00,NA,human,True,NF-kB2,Placenta,reporter gene assay,placenta,22734038,"{'arabidopsis': u'', 'hamster': u'', 'human': u'CRH', 'mouse': u'', 'rat': u'', 'id': 15L}",high/2.5 fold,22
cells not exposed to arsenite,-1.2,2013-03-22 22:07:19+00:00,2013-03-22 22:07:19+00:00,at least 3,human,True,NF-kB2,Lung,ChIP,BEAS-2B,20420878,"{'arabidopsis': u'', 'hamster': u'', 'human': u'CCND1', 'mouse': u'', 'rat': u'', 'id': 16L}",low,23
mouse IgG,-1.2,2013-03-22 22:07:19+00:00,2013-03-22 22:07:19+00:00,NA,mouse,True,NF-kB2,Blood,ChIP,splenic B cells,17140663,"{'arabidopsis': u'', 'hamster': u'', 'human': u'', 'mouse': u'CD21', 'rat': u'', 'id': 17L}",low,24
mouse IgG,-1.2,2013-03-22 22:07:19+00:00,2013-03-22 22:07:19+00:00,NA,mouse,True,NF-kB2,Blood,ChIP,splenic B cells,17140663,"{'arabidopsis': u'', 'hamster': u'', 'human': u'', 'mouse': u'CD23', 'rat': u'', 'id': 18L}",low,25
empty eukaryotic expression vector,-1.2,2013-03-22 22:07:19+00:00,2013-03-22 22:07:19+00:00,6,human,True,NF-kB2,Lung,reporter gene assay,A549,15994789,"{'arabidopsis': u'', 'hamster': u'', 'human': u'CCL5', 'mouse': u'', 'rat': u'', 'id': 19L}",medium,26
mutant NF-kB promoter sequence,-1.2,2013-03-22 22:07:19+00:00,2013-03-22 22:07:19+00:00,NA,human,True,NF-kB2,Blood,EMSA,Jurkat,10773315,"{'arabidopsis': u'', 'hamster': u'', 'human': u'IL2Ralpha', 'mouse': u'', 'rat': u'', 'id': 20L}",low,27
probe contains Ig/HIV kB element,-1.2,2013-03-22 22:07:19+00:00,2013-03-22 22:07:19+00:00,3,human,True,NF-kB2,Blood,EMSA,Jurkat,8413215,"{'arabidopsis': u'', 'hamster': u'', 'human': u'IL-8', 'mouse': u'', 'rat': u'', 'id': 11L}",low,28
HIV kB probe,-1.2,2013-03-22 22:07:19+00:00,2013-03-22 22:07:19+00:00,NA,human,True,NF-kB2,Blood,EMSA,Jurkat,7969113,"{'arabidopsis': u'', 'hamster': u'', 'human': u'NF-kB2', 'mouse': u'', 'rat': u'', 'id': 21L}",high/15 fold,29
unrelated target site,-1.2,2013-03-22 22:07:19+00:00,2013-03-22 22:07:19+00:00,NA,mouse,True,NF-kB2,Embryo,ChIP,embryonic fibroblasts,22880094,"{'arabidopsis': u'', 'hamster': u'', 'human': u'', 'mouse': u'Enpp2', 'rat': u'', 'id': 22L}",high,30
NA,-1.2,2013-03-22 23:26:17+00:00,2013-03-22 23:26:17+00:00,3,Mouse,True,E2F2,Blood,ChIP,T-Lymphocytes ,20573986,"{'arabidopsis': u'', 'hamster': u'', 'human': u'', 'mouse': u'Aip', 'rat': u'', 'id': 48L}",,31
NA,-1.2,2013-03-22 23:26:17+00:00,2013-03-22 23:26:17+00:00,3,Mouse,True,E2F2,Blood,ChIP,T-Lymphocytes,20573986,"{'arabidopsis': u'', 'hamster': u'', 'human': u'', 'mouse': u'Ahr', 'rat': u'', 'id': 49L}",,32
NA,-1.2,2013-03-22 23:26:17+00:00,2013-03-22 23:26:17+00:00,3,Mouse,True,E2F2,Blood,ChIP,T-Lymphocytes,20573986,"{'arabidopsis': u'', 'hamster': u'', 'human': u'', 'mouse': u'Arnt', 'rat': u'', 'id': 50L}",,33
NA,-1.2,2013-03-22 23:26:17+00:00,2013-03-22 23:26:17+00:00,3,Mouse,True,E2F2,Blood,ChIP,T-Lymphocytes,20573986,"{'arabidopsis': u'', 'hamster': u'', 'human': u'', 'mouse': u'Ahrr', 'rat': u'', 'id': 51L}",,34
WT,-1.2,2013-03-22 23:26:17+00:00,2013-03-22 23:26:17+00:00,3,Mouse,True,E2F2,Blood,Western Blot,T-Lymphocytes,20573986,"{'arabidopsis': u'', 'hamster': u'', 'human': u'', 'mouse': u'Ahr', 'rat': u'', 'id': 49L}",Low,35
WT,-1.2,2013-03-22 23:26:17+00:00,2013-03-22 23:26:17+00:00,3,Mouse,True,E2F2,Blood,Western Blot,T-Lymphocytes,20573986,"{'arabidopsis': u'', 'hamster': u'', 'human': u'', 'mouse': u'Arnt', 'rat': u'', 'id': 50L}",High,36
WT,-1.2,2013-03-22 23:26:17+00:00,2013-03-22 23:26:17+00:00,2,Mouse,True,E2F2,Blood,Real-Time PCR,T-Lymphocytes,20573986,"{'arabidopsis': u'', 'hamster': u'', 'human': u'', 'mouse': u'Ahr', 'rat': u'', 'id': 49L}",High/2,37
WT,-1.2,2013-03-22 23:26:17+00:00,2013-03-22 23:26:17+00:00,2,Mouse,True,E2F2,Blood,Real-Time PCR,T-Lymphocytes,20573986,"{'arabidopsis': u'', 'hamster': u'', 'human': u'', 'mouse': u'Ahrr', 'rat': u'', 'id': 51L}",High/-2,38
WT,-1.2,2013-03-22 23:26:17+00:00,2013-03-22 23:26:17+00:00,2,Mouse,True,E2F2,Blood,Western Blot,T-Lymphocytes,20573986,"{'arabidopsis': u'', 'hamster': u'', 'human': u'', 'mouse': u'Ahr', 'rat': u'', 'id': 49L}",High,39
WT,-1.2,2013-03-22 23:26:17+00:00,2013-03-22 23:26:17+00:00,2,Mouse,True,E2F2,Blood,Western Blot,T-Lymphocytes,20573986,"{'arabidopsis': u'', 'hamster': u'', 'human': u'', 'mouse': u'Arnt', 'rat': u'', 'id': 50L}",High,40
WT,-1.2,2013-03-22 23:26:17+00:00,2013-03-22 23:26:17+00:00,NA,Mouse,True,E2F2,Blood,Real-Time PCR,T-Lymphocytes,20573986,"{'arabidopsis': u'', 'hamster': u'', 'human': u'', 'mouse': u'Cyp1a1', 'rat': u'', 'id': 52L}",Medium/1.8 ,41
WT,-1.2,2013-03-22 23:26:17+00:00,2013-03-22 23:26:17+00:00,NA,Mouse,True,E2F2,Blood,Real-Time PCR,T-Lymphocytes,20573986,"{'arabidopsis': u'', 'hamster': u'', 'human': u'', 'mouse': u'Bax', 'rat': u'', 'id': 53L}",Medium/1.7,42
WT,-1.2,2013-03-22 23:26:17+00:00,2013-03-22 23:26:17+00:00,NA,Mouse,True,E2F2,Blood,Real-Time PCR,T-Lymphocytes,20573986,"{'arabidopsis': u'', 'hamster': u'', 'human': u'', 'mouse': u'FasL', 'rat': u'', 'id': 54L}",High/2.6,43
No treatment with TSA,-1.2,2013-03-22 23:26:17+00:00,2013-03-22 23:26:17+00:00,NA,Mouse,True,E2F1,Eye,ChIP,661W,18951482,"{'arabidopsis': u'', 'hamster': u'', 'human': u'', 'mouse': u'Apaf1', 'rat': u'', 'id': 55L}",High/2,44
NA,-1.2,2013-03-22 23:26:17+00:00,2013-03-22 23:26:17+00:00,NA,Human,True,E2F1,Bone,Northern Blot,U2OS,11159908,"{'arabidopsis': u'', 'hamster': u'', 'human': u'APAF1', 'mouse': u'', 'rat': u'', 'id': 56L}",NA,45
NA,-1.2,2013-03-22 23:26:17+00:00,2013-03-22 23:26:17+00:00,NA,Human,True,E2F1,Embryo,Northern Blot,WI-38 ,11159908,"{'arabidopsis': u'', 'hamster': u'', 'human': u'CCNE1', 'mouse': u'', 'rat': u'', 'id': 57L}",High,46
NA,-1.2,2013-03-22 23:26:17+00:00,2013-03-22 23:26:17+00:00,NA,Human,True,E2F1,Embryo,Northern Blot,WI-38 ,11159908,"{'arabidopsis': u'', 'hamster': u'', 'human': u'APAF1', 'mouse': u'', 'rat': u'', 'id': 56L}",High,47
NA,-1.2,2013-03-22 23:26:17+00:00,2013-03-22 23:26:17+00:00,NA,Human,True,E2F1,Embryo,Northern Blot,WI-38 ,11159908,"{'arabidopsis': u'', 'hamster': u'', 'human': u'BCL3', 'mouse': u'', 'rat': u'', 'id': 58L}",High,48
NA,-1.2,2013-03-22 23:26:17+00:00,2013-03-22 23:26:17+00:00,NA,Human,True,E2F1,Embryo,Northern Blot,WI-38 ,11159908,"{'arabidopsis': u'', 'hamster': u'', 'human': u'CASP3', 'mouse': u'', 'rat': u'', 'id': 59L}",High,49
NA,-1.2,2013-03-22 23:26:17+00:00,2013-03-22 23:26:17+00:00,NA,Human,True,E2F1,Embryo,Northern Blot,WI-38 ,11159908,"{'arabidopsis': u'', 'hamster': u'', 'human': u'CASP7', 'mouse': u'', 'rat': u'', 'id': 60L}",Medium ,50
NA,-1.2,2013-03-22 23:26:17+00:00,2013-03-22 23:26:17+00:00,NA,Human,True,E2F1,Embryo,Northern Blot,WI-38 ,11159908,"{'arabidopsis': u'', 'hamster': u'', 'human': u'MAP3K5', 'mouse': u'', 'rat': u'', 'id': 61L}",Medium,51
NA,-1.2,2013-03-22 23:26:17+00:00,2013-03-22 23:26:17+00:00,NA,Human,True,E2F1,Bone,Microarray,U2OS,11159908,"{'arabidopsis': u'', 'hamster': u'', 'human': u'APAF1', 'mouse': u'', 'rat': u'', 'id': 56L}",NA,52
NA,-1.2,2013-03-22 23:26:17+00:00,2013-03-22 23:26:17+00:00,NA,Human,True,E2F7,Uterus,Microarray,HeLa ,22180533,"{'arabidopsis': u'', 'hamster': u'', 'human': u'ARGLU1', 'mouse': u'', 'rat': u'', 'id': 62L}",NA,53
GAPDH ,-1.2,2013-03-22 23:26:17+00:00,2013-03-22 23:26:17+00:00,NA,Human,True,E2F6,Uterus,ChIP,HeLa ,17328667,"{'arabidopsis': u'', 'hamster': u'', 'human': u'ASF1B', 'mouse': u'', 'rat': u'', 'id': 63L}",High/2.6,54
NA,-1.2,2013-03-22 23:26:18+00:00,2013-03-22 23:26:18+00:00,NA,Mouse,True,E2F1,Bone marrow,EMSA,BaF3,12015319,"{'arabidopsis': u'', 'hamster': u'', 'human': u'', 'mouse': u'Ask', 'rat': u'', 'id': 64L}",NA,55
pAK-1,-1.2,2013-03-22 23:26:18+00:00,2013-03-22 23:26:18+00:00,NA,Mouse,True,E2F1,Embryo,Reporter Gene Assay,NIH3T3,12015319,"{'arabidopsis': u'', 'hamster': u'', 'human': u'', 'mouse': u'Ask', 'rat': u'', 'id': 64L}",Low/-1.2,56
pAK-1 (WT),-1.2,2013-03-22 23:26:18+00:00,2013-03-22 23:26:18+00:00,NA,Mouse,True,E2F1,Bone marrow,Reporter Gene Assay,BaF3,12015319,"{'arabidopsis': u'', 'hamster': u'', 'human': u'', 'mouse': u'Ask', 'rat': u'', 'id': 64L}",Medium/-1.5,57
Adenovirus-E2f1 vs Adenovirus-Con,-1.2,2013-03-22 23:26:18+00:00,2013-03-22 23:26:18+00:00,NA,Mouse,True,E2F1,Bone marrow,Northern Blot,BaF3,12015319,"{'arabidopsis': u'', 'hamster': u'', 'human': u'', 'mouse': u'Ask', 'rat': u'', 'id': 64L}",High,58
Input,-1.2,2013-03-22 23:26:18+00:00,2013-03-22 23:26:18+00:00,NA,Human,True,E2F4,Embryo,ChIP,WI-38 ,11799067,"{'arabidopsis': u'', 'hamster': u'', 'human': u'TopoII', 'mouse': u'', 'rat': u'', 'id': 65L}",High/2,59
Input,-1.2,2013-03-22 23:26:18+00:00,2013-03-22 23:26:18+00:00,NA,Human,True,E2F4,Embryo,ChIP,WI-38 ,11799067,"{'arabidopsis': u'', 'hamster': u'', 'human': u'MAD2', 'mouse': u'', 'rat': u'', 'id': 66L}",High/3.5,60
Input,-1.2,2013-03-22 23:26:18+00:00,2013-03-22 23:26:18+00:00,NA,Human,True,E2F1,Embryo,ChIP,WI-38 ,11799067,"{'arabidopsis': u'', 'hamster': u'', 'human': u'MAD2', 'mouse': u'', 'rat': u'', 'id': 66L}",Medium/2,61
Input,-1.2,2013-03-22 23:26:18+00:00,2013-03-22 23:26:18+00:00,NA,Human,True,E2F4,Embryo,ChIP,WI-38 ,11799067,"{'arabidopsis': u'', 'hamster': u'', 'human': u'RAD54', 'mouse': u'', 'rat': u'', 'id': 67L}",High/3.5,62
Input,-1.2,2013-03-22 23:26:18+00:00,2013-03-22 23:26:18+00:00,NA,Human,True,E2F1,Embryo,ChIP,WI-38 ,11799067,"{'arabidopsis': u'', 'hamster': u'', 'human': u'RAD54', 'mouse': u'', 'rat': u'', 'id': 67L}",Medium/1.8,63
Input,-1.2,2013-03-22 23:26:18+00:00,2013-03-22 23:26:18+00:00,NA,Human,True,E2F4,Embryo,ChIP,WI-38 ,11799067,"{'arabidopsis': u'', 'hamster': u'', 'human': u'BARD1', 'mouse': u'', 'rat': u'', 'id': 68L}",High/2.5,64
Input,-1.2,2013-03-22 23:26:18+00:00,2013-03-22 23:26:18+00:00,NA,Human,True,E2F1,Embryo,ChIP,WI-38 ,11799067,"{'arabidopsis': u'', 'hamster': u'', 'human': u'BARD1', 'mouse': u'', 'rat': u'', 'id': 68L}",Medium/1.5,65
Input,-1.2,2013-03-22 23:26:18+00:00,2013-03-22 23:26:18+00:00,NA,Human,True,E2F4,Embryo,ChIP,WI-38 ,11799067,"{'arabidopsis': u'', 'hamster': u'', 'human': u'Chk1', 'mouse': u'', 'rat': u'', 'id': 69L}",High/2.5,66
Input,-1.2,2013-03-22 23:26:18+00:00,2013-03-22 23:26:18+00:00,NA,Human,True,E2F4,Embryo,ChIP,WI-38 ,11799067,"{'arabidopsis': u'', 'hamster': u'', 'human': u'MLH1', 'mouse': u'', 'rat': u'', 'id': 70L}",Medium/1.5,67
Input,-1.2,2013-03-22 23:26:18+00:00,2013-03-22 23:26:18+00:00,NA,Human,True,E2F4,Embryo,ChIP,WI-38 ,11799067,"{'arabidopsis': u'', 'hamster': u'', 'human': u'MSH2', 'mouse': u'', 'rat': u'', 'id': 71L}",High/1.8,68
Input,-1.2,2013-03-22 23:26:18+00:00,2013-03-22 23:26:18+00:00,NA,Human,True,E2F1,Embryo,ChIP,WI-38 ,11799067,"{'arabidopsis': u'', 'hamster': u'', 'human': u'MSH2', 'mouse': u'', 'rat': u'', 'id': 71L}",Low/1.2,69
WT E2f1,-1.2,2013-03-22 23:26:18+00:00,2013-03-22 23:26:18+00:00,NA,Mouse,True,E2F1,Embryo,Reporter Gene Assay,NIH3T3,12527885,"{'arabidopsis': u'', 'hamster': u'', 'human': u'', 'mouse': u'Atm', 'rat': u'', 'id': 72L}",High/-5,70
 WT ATM-Luc,-1.2,2013-03-22 23:26:18+00:00,2013-03-22 23:26:18+00:00,NA,Mouse,True,E2F1,Embryo,Reporter Gene Assay,NIH3T3,12527885,"{'arabidopsis': u'', 'hamster': u'', 'human': u'', 'mouse': u'Atm', 'rat': u'', 'id': 72L}",High/-3.5,71
NA,-1.2,2013-03-22 23:26:19+00:00,2013-03-22 23:26:19+00:00,NA,Mouse,True,E2F1,Embryo,Northern Blot,2r15,11416145,"{'arabidopsis': u'', 'hamster': u'', 'human': u'', 'mouse': u'Tyms', 'rat': u'', 'id': 80L}",2.5,84
NA,-1.2,2013-03-22 23:26:19+00:00,2013-03-22 23:26:19+00:00,NA,Mouse,True,E2F1,Embryo,Northern Blot,2r15,11416145,"{'arabidopsis': u'', 'hamster': u'', 'human': u'', 'mouse': u'Tk1', 'rat': u'', 'id': 81L}",5.3,85
NA,-1.2,2013-03-22 23:26:19+00:00,2013-03-22 23:26:19+00:00,NA,Mouse,True,E2F1,Embryo,Northern Blot,2r15,11416145,"{'arabidopsis': u'', 'hamster': u'', 'human': u'', 'mouse': u'Dut', 'rat': u'', 'id': 82L}",15.2,86
NA,-1.2,2013-03-22 23:26:19+00:00,2013-03-22 23:26:19+00:00,NA,Mouse,True,E2F1,Embryo,Northern Blot,2r15,11416145,"{'arabidopsis': u'', 'hamster': u'', 'human': u'', 'mouse': u'Rrm1', 'rat': u'', 'id': 83L}",2.5,87
NA,-1.2,2013-03-22 23:26:19+00:00,2013-03-22 23:26:19+00:00,NA,Mouse,True,E2F1,Embryo,Northern Blot,2r15,11416145,"{'arabidopsis': u'', 'hamster': u'', 'human': u'', 'mouse': u'Rrm2', 'rat': u'', 'id': 84L}",4.3,88
NA,-1.2,2013-03-22 23:26:19+00:00,2013-03-22 23:26:19+00:00,NA,Mouse,True,E2F1,Embryo,Northern Blot,2r15,11416145,"{'arabidopsis': u'', 'hamster': u'', 'human': u'', 'mouse': u'Rrm2', 'rat': u'', 'id': 84L}",19.6,89
NA,-1.2,2013-03-22 23:26:19+00:00,2013-03-22 23:26:19+00:00,NA,Mouse,True,E2F1,Embryo,Northern Blot,2r15,11416145,"{'arabidopsis': u'', 'hamster': u'', 'human': u'', 'mouse': u'Cdk2alpha', 'rat': u'', 'id': 85L}",1.9,90
NA,-1.2,2013-03-22 23:26:19+00:00,2013-03-22 23:26:19+00:00,NA,Mouse,True,E2F1,Embryo,Northern Blot,2r15,11416145,"{'arabidopsis': u'', 'hamster': u'', 'human': u'', 'mouse': u'Ccne1', 'rat': u'', 'id': 86L}",14.4,91
NA,-1.2,2013-03-22 23:26:19+00:00,2013-03-22 23:26:19+00:00,NA,Mouse,True,E2F1,Embryo,Northern Blot,2r15,11416145,"{'arabidopsis': u'', 'hamster': u'', 'human': u'', 'mouse': u'P1', 'rat': u'', 'id': 87L}",2.2,92
NA,-1.2,2013-03-22 23:26:19+00:00,2013-03-22 23:26:19+00:00,NA,Mouse,True,E2F1,Embryo,Northern Blot,2r15,11416145,"{'arabidopsis': u'', 'hamster': u'', 'human': u'', 'mouse': u'Mcm7', 'rat': u'', 'id': 88L}",1.9,93
NA,-1.2,2013-03-22 23:26:19+00:00,2013-03-22 23:26:19+00:00,NA,Mouse,True,E2F1,Embryo,Northern Blot,2r15,11416145,"{'arabidopsis': u'', 'hamster': u'', 'human': u'', 'mouse': u'Dbf4', 'rat': u'', 'id': 89L}",2,94
NA,-1.2,2013-03-22 23:26:19+00:00,2013-03-22 23:26:19+00:00,NA,Mouse,True,E2F1,Embryo,Northern Blot,2r15,11416145,"{'arabidopsis': u'', 'hamster': u'', 'human': u'', 'mouse': u'Dbf4', 'rat': u'', 'id': 89L}",5.3,95
NA,-1.2,2013-03-22 23:26:19+00:00,2013-03-22 23:26:19+00:00,NA,Mouse,True,E2F1,Embryo,Northern Blot,2r15,11416145,"{'arabidopsis': u'', 'hamster': u'', 'human': u'', 'mouse': u'Pcna', 'rat': u'', 'id': 90L}",2.2,96
NA,-1.2,2013-03-22 23:26:19+00:00,2013-03-22 23:26:19+00:00,NA,Mouse,True,E2F1,Embryo,Northern Blot,2r15,11416145,"{'arabidopsis': u'', 'hamster': u'', 'human': u'', 'mouse': u'Prim1', 'rat': u'', 'id': 91L}",2.1,97
NA,-1.2,2013-03-22 23:26:19+00:00,2013-03-22 23:26:19+00:00,NA,Mouse,True,E2F1,Embryo,Northern Blot,2r15,11416145,"{'arabidopsis': u'', 'hamster': u'', 'human': u'', 'mouse': u'Top2a', 'rat': u'', 'id': 92L}",3.1,98
NA,-1.2,2013-03-22 23:26:19+00:00,2013-03-22 23:26:19+00:00,NA,Mouse,True,E2F1,Embryo,Northern Blot,2r15,11416145,"{'arabidopsis': u'', 'hamster': u'', 'human': u'', 'mouse': u'Top2a', 'rat': u'', 'id': 92L}",3.5,99
NA,-1.2,2013-03-22 23:26:19+00:00,2013-03-22 23:26:19+00:00,NA,Mouse,True,E2F1,Embryo,Northern Blot,2r15,11416145,"{'arabidopsis': u'', 'hamster': u'', 'human': u'', 'mouse': u'Lig1', 'rat': u'', 'id': 93L}",2.2,100
NA,-1.2,2013-03-22 23:26:19+00:00,2013-03-22 23:26:19+00:00,NA,Mouse,True,E2F1,Embryo,Northern Blot,2r15,11416145,"{'arabidopsis': u'', 'hamster': u'', 'human': u'', 'mouse': u'Fen1', 'rat': u'', 'id': 94L}",2.8,101
NA,-1.2,2013-03-22 23:26:19+00:00,2013-03-22 23:26:19+00:00,NA,Mouse,True,E2F1,Embryo,Northern Blot,2r15,11416145,"{'arabidopsis': u'', 'hamster': u'', 'human': u'', 'mouse': u'Rad51', 'rat': u'', 'id': 95L}",2.6,102
NA,-1.2,2013-03-22 23:26:19+00:00,2013-03-22 23:26:19+00:00,NA,Mouse,True,E2F1,Embryo,Northern Blot,2r15,11416145,"{'arabidopsis': u'', 'hamster': u'', 'human': u'', 'mouse': u'Cdc2a', 'rat': u'', 'id': 96L}",1.9,103
NA,-1.2,2013-03-22 23:26:19+00:00,2013-03-22 23:26:19+00:00,NA,Mouse,True,E2F1,Embryo,Northern Blot,2r15,11416145,"{'arabidopsis': u'', 'hamster': u'', 'human': u'', 'mouse': u'Cdc20', 'rat': u'', 'id': 97L}",3.3,104
NA,-1.2,2013-03-22 23:26:19+00:00,2013-03-22 23:26:19+00:00,NA,Mouse,True,E2F1,Embryo,Northern Blot,2r15,11416145,"{'arabidopsis': u'', 'hamster': u'', 'human': u'', 'mouse': u'Ccna2', 'rat': u'', 'id': 98L}",2.2,105
NA,-1.2,2013-03-22 23:26:19+00:00,2013-03-22 23:26:19+00:00,NA,Mouse,True,E2F1,Embryo,Northern Blot,2r15,11416145,"{'arabidopsis': u'', 'hamster': u'', 'human': u'', 'mouse': u'Ccnb1', 'rat': u'', 'id': 99L}",3.9,106
NA,-1.2,2013-03-22 23:26:19+00:00,2013-03-22 23:26:19+00:00,NA,Mouse,True,E2F1,Embryo,Northern Blot,2r15,11416145,"{'arabidopsis': u'', 'hamster': u'', 'human': u'', 'mouse': u'Ccnb2', 'rat': u'', 'id': 100L}",1.9,107
NA,-1.2,2013-03-22 23:26:20+00:00,2013-03-22 23:26:20+00:00,NA,Mouse,True,E2F1,Embryo,Northern Blot,2r15,11416145,"{'arabidopsis': u'', 'hamster': u'', 'human': u'', 'mouse': u'Mki67', 'rat': u'', 'id': 101L}",2.2,108
NA,-1.2,2013-03-22 23:26:20+00:00,2013-03-22 23:26:20+00:00,NA,Mouse,True,E2F1,Embryo,Northern Blot,2r15,11416145,"{'arabidopsis': u'', 'hamster': u'', 'human': u'', 'mouse': u'Kifc1', 'rat': u'', 'id': 102L}",5.3,109
NA,-1.2,2013-03-22 23:26:20+00:00,2013-03-22 23:26:20+00:00,NA,Mouse,True,E2F1,Embryo,Northern Blot,2r15,11416145,"{'arabidopsis': u'', 'hamster': u'', 'human': u'', 'mouse': u'Fin16', 'rat': u'', 'id': 103L}",2.9,110
NA,-1.2,2013-03-22 23:26:20+00:00,2013-03-22 23:26:20+00:00,NA,Mouse,True,E2F1,Embryo,Northern Blot,2r15,11416145,"{'arabidopsis': u'', 'hamster': u'', 'human': u'', 'mouse': u'Stmn1', 'rat': u'', 'id': 104L}",2.1,111
NA,-1.2,2013-03-22 23:26:20+00:00,2013-03-22 23:26:20+00:00,NA,Mouse,True,E2F1,Embryo,Northern Blot,2r15,11416145,"{'arabidopsis': u'', 'hamster': u'', 'human': u'', 'mouse': u'Bub1', 'rat': u'', 'id': 105L}",2.2,112
NA,-1.2,2013-03-22 23:26:20+00:00,2013-03-22 23:26:20+00:00,NA,Mouse,True,E2F1,Embryo,Northern Blot,2r15,11416145,"{'arabidopsis': u'', 'hamster': u'', 'human': u'', 'mouse': u'Kpna2', 'rat': u'', 'id': 106L}",3,113
NA,-1.2,2013-03-22 23:26:20+00:00,2013-03-22 23:26:20+00:00,NA,Mouse,True,E2F1,Embryo,Northern Blot,2r15,11416145,"{'arabidopsis': u'', 'hamster': u'', 'human': u'', 'mouse': u'Hmgb2', 'rat': u'', 'id': 107L}",6.2,114
NA,-1.2,2013-03-22 23:26:20+00:00,2013-03-22 23:26:20+00:00,NA,Mouse,True,E2F1,Embryo,Northern Blot,2r15,11416145,"{'arabidopsis': u'', 'hamster': u'', 'human': u'', 'mouse': u'Ezh2', 'rat': u'', 'id': 108L}",2.7,115
